{
  "availableLanguageIds": [
    "en_US"
  ],
  "defaultLanguageId": "en_US",
  "fields": [
    {
      "label": {
        "en_US": "Text"
      },
      "predefinedValue": {
        "en_US": ""
      },
      "style": {
        "en_US": ""
      },
      "tip": {
        "en_US": ""
      },
      "dataType": "string",
      "indexType": "keyword",
      "localizable": true,
      "name": "Textdya3",
      "readOnly": false,
      "repeatable": false,
      "required": false,
      "showLabel": true,
      "type": "text"
    },
    {
      "label": {
        "en_US": "Text Box"
      },
      "predefinedValue": {
        "en_US": ""
      },
      "style": {
        "en_US": ""
      },
      "tip": {
        "en_US": ""
      },
      "dataType": "string",
      "indexType": "text",
      "localizable": true,
      "name": "TextBoxcp7x",
      "readOnly": false,
      "repeatable": false,
      "required": false,
      "showLabel": true,
      "type": "textarea"
    }
  ]
}