<?xml version="1.0"?>
<!DOCTYPE look-and-feel PUBLIC "-//Liferay//DTD Look and Feel 7.0.0//EN" "http://www.liferay.com/dtd/liferay-look-and-feel_7_0_0.dtd">

<look-and-feel>
	<compatibility>
		<version>7.1.1+</version>
	</compatibility>
	<theme id="real-business-theme" name="real-business-theme">
		<template-extension>ftl</template-extension>
		<settings>
			<setting configurable="true" key="show-footer" type="checkbox" value="true" />
			<setting configurable="true" key="show-header" type="checkbox" value="true" />
			<setting configurable="true" key="show-header-search" type="checkbox" value="true" />
			<setting configurable="true" key="show-maximize-minimize-application-links" type="checkbox" value="false" />
			<setting configurable="false" key="show-site-name-default" value="true" />
			<setting configurable="false" key="show-site-name-supported" value="true" />
			<setting configurable="true" key="wrap-content" type="checkbox" value="true" />
		</settings>
		<roles>
			<role-name>User</role-name>
		</roles>
		<portlet-decorator id="barebone" name="Barebone">
			<default-portlet-decorator>true</default-portlet-decorator>
			<portlet-decorator-css-class>portlet-barebone</portlet-decorator-css-class>
		</portlet-decorator>
		<portlet-decorator id="borderless" name="Borderless">
			<portlet-decorator-css-class>portlet-borderless</portlet-decorator-css-class>
		</portlet-decorator>
		<portlet-decorator id="decorate" name="Decorate">
			<portlet-decorator-css-class>portlet-decorate</portlet-decorator-css-class>
		</portlet-decorator>
	</theme>
</look-and-feel>